<?xml version="1.0"?>
<!--
/**
 * Magento
 *
 * NOTICE OF LICENSE
 *
 * This source file is subject to the Academic Free License (AFL 3.0)
 * that is bundled with this package in the file LICENSE_AFL.txt.
 * It is also available through the world-wide-web at this URL:
 * http://opensource.org/licenses/afl-3.0.php
 * If you did not receive a copy of the license and are unable to
 * obtain it through the world-wide-web, please send an email
 * to license@magento.com so we can send you a copy immediately.
 *
 * DISCLAIMER
 *
 * Do not edit or add to this file if you wish to upgrade Magento to newer
 * versions in the future. If you wish to customize Magento for your
 * needs please refer to http://www.magento.com for more information.
 *
 * @category    Mage
 * @package     Mage_CatalogSearch
 * @copyright   Copyright (c) 2006-2014 X.commerce, Inc. (http://www.magento.com)
 * @license     http://opensource.org/licenses/afl-3.0.php  Academic Free License (AFL 3.0)
 */
-->
<config>
   <sections>
        <catalog>
            <groups>
                <seo>
                    <fields>
                        <search_terms translate="label" module="catalogsearch">
                            <label>Popular Search Terms</label>
                            <frontend_type>select</frontend_type>
                            <source_model>adminhtml/system_config_source_enabledisable</source_model>
                            <sort_order>1</sort_order>
                            <show_in_default>1</show_in_default>
                            <show_in_website>1</show_in_website>
                            <show_in_store>1</show_in_store>
                        </search_terms>
                        <site_map translate="label" module="catalogsearch">
                            <label>Autogenerated Site Map</label>
                            <frontend_type>select</frontend_type>
                            <source_model>adminhtml/system_config_source_enabledisable</source_model>
                            <backend_model>catalogsearch/system_config_backend_sitemap</backend_model>
                            <sort_order>1</sort_order>
                            <show_in_default>1</show_in_default>
                            <show_in_website>1</show_in_website>
                            <show_in_store>1</show_in_store>
                        </site_map>
                    </fields>
                </seo>
                <search translate="label" module="catalogsearch">
                    <label>Catalog Search</label>
                    <frontend_type>text</frontend_type>
                    <sort_order>500</sort_order>
                    <show_in_default>1</show_in_default>
                    <show_in_website>1</show_in_website>
                    <show_in_store>1</show_in_store>
                    <fields>
                        <min_query_length translate="label">
                            <label>Minimal Query Length</label>
                            <frontend_type>text</frontend_type>
                            <validate>validate-digits</validate>
                            <sort_order>5</sort_order>
                            <show_in_default>1</show_in_default>
                            <show_in_website>1</show_in_website>
                            <show_in_store>1</show_in_store>
                        </min_query_length>
                        <max_query_length translate="label">
                            <label>Maximum Query Length</label>
                            <frontend_type>text</frontend_type>
                            <validate>validate-digits</validate>
                            <sort_order>10</sort_order>
                            <show_in_default>1</show_in_default>
                            <show_in_website>1</show_in_website>
                            <show_in_store>1</show_in_store>
                        </max_query_length>
                        <max_query_words translate="label comment">
                            <label>Maximum Query Words Count</label>
                            <frontend_type>text</frontend_type>
                            <validate>validate-digits</validate>
                            <sort_order>15</sort_order>
                            <show_in_default>1</show_in_default>
                            <show_in_website>1</show_in_website>
                            <show_in_store>1</show_in_store>
                            <comment>Applies for "Like" search type only.</comment>
                        </max_query_words>
                        <search_type translate="label">
                            <label>Search Type</label>
                            <frontend_type>select</frontend_type>
                            <backend_model>adminhtml/system_config_backend_catalog_search_type</backend_model>
                            <source_model>adminhtml/system_config_source_catalog_search_type</source_model>
                            <sort_order>20</sort_order>
                            <show_in_default>1</show_in_default>
                            <show_in_website>1</show_in_website>
                            <show_in_store>1</show_in_store>
                        </search_type>
                        <use_layered_navigation_count translate="label comment">
                            <label>Apply Layered Navigation if Search Results are Less Than</label>
                            <frontend_type>text</frontend_type>
                            <validate>validate-digits</validate>
                            <sort_order>25</sort_order>
                            <show_in_default>1</show_in_default>
                            <show_in_website>1</show_in_website>
                            <show_in_store>1</show_in_store>
                            <comment>Enter "0" to enable layered navigation for any number of results.</comment>
                        </use_layered_navigation_count>
                    </fields>
                </search>
            </groups>
        </catalog>
    </sections>
</config>
